{"accuracy score": 0.7190934065934066, "f1_score": 0.7166401023740481, "precision score": 0.7249777566379911, "recall score": 0.7190934065934066}