{"accuracy score": 0.679945054945055, "f1_score": 0.6758368631460535}